<?xml version="1.0" encoding="utf-8"?>
<extension type="component" version="3.0" method="upgrade">
    <name>com_t2support</name>
    <creationDate>2017-07-28</creationDate>
    <copyright>2017 Thang Tran</copyright>
    <license>bản quyền mã nguồn mở GNU phiên bản 2</license>
    <author>Tran Trong Thang</author>
    <authorEmail>trantrongthang1207@gmail.com</authorEmail>
    <authorUrl>http://</authorUrl>
    <version>CVS: 1.0.0</version>
    <description></description>
    
    
    
    <install> <!-- Runs on install -->
        <sql>
            <file driver="mysql" charset="utf8">sql/install.mysql.utf8.sql</file>
        </sql>
    </install>
    <update> <!-- Runs on update -->
        <sql>
            <file driver="mysql" charset="utf8">sql/update.mysql.utf8.sql</file>
        </sql>
    </update>
    <uninstall> <!-- Runs on uninstall -->
        <sql>
            <file driver="mysql" charset="utf8">sql/uninstall.mysql.utf8.sql</file>
        </sql>
    </uninstall>

    <files folder="site">
        <filename>index.html</filename>
        <filename>t2support.php</filename>
        <filename>controller.php</filename>
        <filename>router.php</filename>
        <folder>views</folder>
        <folder>models</folder>
        <folder>controllers</folder>
        <folder>helpers</folder>
    </files>
    <media destination="com_t2support" folder="media">
        <folder>js</folder>
        <folder>css</folder>
    </media>
    <languages folder="languages/site">
        
        <language tag="en-GB">en-GB/en-GB.com_t2support.ini</language>
    </languages>
    <administration>
        <menu img="media/com_t2support/images/s_com_t2support.png" >COM_T2SUPPORT</menu>
        <submenu>
            <menu link="option=com_t2support&amp;view=requirements" view="requirements" img="media/com_t2support/images/s_requirements.png" alt="T2support/Requirements">COM_T2SUPPORT_TITLE_REQUIREMENTS</menu>
            <menu link="option=com_t2support&amp;view=budgets" view="budgets" img="media/com_t2support/images/s_budgets.png" alt="T2support/Budgets">COM_T2SUPPORT_TITLE_BUDGETS</menu>
            <menu link="option=com_t2support&amp;view=designneeds" view="designneeds" img="media/com_t2support/images/s_designneeds.png" alt="T2support/Designneeds">COM_T2SUPPORT_TITLE_DESIGNNEEDS</menu>
            <menu link="option=com_t2support&amp;view=designneeds" view="businesssectors" img="media/com_t2support/images/s_businesssectors.png" alt="T2support/Businesssectors">COM_T2SUPPORT_TITLE_BUSINESSECTORS</menu>
            <menu link="option=com_t2support&amp;view=services" view="services" img="media/com_t2support/images/s_services.png" alt="T2support/Services">COM_T2SUPPORT_TITLE_SERVICES</menu>
            <menu link="option=com_t2support&view=categories" view="categories" img="media/com_t2support/images/s_categories.png" alt="T2support/Categories">COM_T2SUPPORT_TITLE_CATEGORIES</menu>
            <menu link="option=com_t2support&amp;view=themes" view="themes" img="media/com_t2support/images/s_themes.png" alt="T2support/Theme">COM_T2SUPPORT_TITLE_THEMES</menu>
            <menu link="option=com_t2support&amp;view=orders" view="orders" img="media/com_t2support/images/s_orders.png" alt="T2support/Orders">COM_T2SUPPORT_TITLE_ORDERS</menu>
        </submenu>
        <files folder="administrator">
            <filename>access.xml</filename>
            <filename>config.xml</filename>
            <filename>controller.php</filename>
            <filename>index.html</filename>
            <filename>t2support.php</filename>
            <folder>controllers</folder>
            <folder>assets</folder>
            <folder>helpers</folder>
            <folder>models</folder>
            <folder>sql</folder>
            <folder>tables</folder>
            <folder>views</folder>
        </files>
        <languages folder="languages/administrator">
            
            <language tag="en-GB">en-GB/en-GB.com_t2support.ini</language>
            <language tag="en-GB">en-GB/en-GB.com_t2support.sys.ini</language>
        </languages>
    </administration>
    <config>
        <fields name="params">
            <fieldset name="component">
                <field name="save_history" default="0" />
            </fieldset>
        </fields>
    </config>
    <plugins>
        <plugin group="search" plugin="t2support"/>
    </plugins>
    
</extension>
<!-- Component built by the Joomla Component Creator -->
<!-- http://www.component-creator.com/ -->
